date,demand
2011-01-29,2704
2011-01-30,2194
2011-01-31,1562
2011-02-01,1251
2011-02-02,2
2011-02-03,2049
2011-02-04,2815
2011-02-05,3248
2011-02-06,1674
2011-02-07,1355
2011-02-08,1335
2011-02-09,1410
2011-02-10,1349
2011-02-11,1946
2011-02-12,2634
2011-02-13,2012
2011-02-14,1522
2011-02-15,1363
2011-02-16,1300
2011-02-17,1459
2011-02-18,1872
2011-02-19,2596
2011-02-20,1415
2011-02-21,939
2011-02-22,1089
2011-02-23,1413
2011-02-24,1449
2011-02-25,1830
2011-02-26,2154
2011-02-27,1784
2011-02-28,1327
2011-03-01,1352
2011-03-02,1279
2011-03-03,1338
2011-03-04,1560
2011-03-05,1867
2011-03-06,1996
2011-03-07,1453
2011-03-08,1359
2011-03-09,1157
2011-03-10,1521
2011-03-11,1897
2011-03-12,2351
2011-03-13,1847
2011-03-14,1386
2011-03-15,1579
2011-03-16,1530
2011-03-17,1441
2011-03-18,1874
2011-03-19,2271
2011-03-20,1516
2011-03-21,1496
2011-03-22,1359
2011-03-23,1245
2011-03-24,1427
2011-03-25,1808
2011-03-26,2277
2011-03-27,1879
2011-03-28,1295
2011-03-29,1293
2011-03-30,1489
2011-03-31,1605
2011-04-01,1952
2011-04-02,2516
2011-04-03,1911
2011-04-04,1354
2011-04-05,1481
2011-04-06,1377
2011-04-07,1245
2011-04-08,1677
2011-04-09,2184
2011-04-10,1660
2011-04-11,1489
2011-04-12,1448
2011-04-13,1366
2011-04-14,1435
2011-04-15,1562
2011-04-16,2042
2011-04-17,1693
2011-04-18,1202
2011-04-19,1183
2011-04-20,1327
2011-04-21,1350
2011-04-22,1621
2011-04-23,1868
2011-04-24,971
2011-04-25,1295
2011-04-26,1203
2011-04-27,1125
2011-04-28,1390
2011-04-29,1803
2011-04-30,2168
2011-05-01,1726
2011-05-02,1261
2011-05-03,1466
2011-05-04,1291
2011-05-05,1406
2011-05-06,1469
2011-05-07,2006
2011-05-08,1210
2011-05-09,1169
2011-05-10,1339
2011-05-11,1260
2011-05-12,1432
2011-05-13,1815
2011-05-14,1926
2011-05-15,1838
2011-05-16,1384
2011-05-17,1327
2011-05-18,1404
2011-05-19,1206
2011-05-20,1553
2011-05-21,2070
2011-05-22,1473
2011-05-23,1264
2011-05-24,1266
2011-05-25,1208
2011-05-26,1351
2011-05-27,1548
2011-05-28,1835
2011-05-29,1335
2011-05-30,1158
2011-05-31,1273
2011-06-01,1404
2011-06-02,1349
2011-06-03,1748
2011-06-04,2078
2011-06-05,1672
2011-06-06,1476
2011-06-07,1472
2011-06-08,1356
2011-06-09,1427
2011-06-10,1606
2011-06-11,1999
2011-06-12,1623
2011-06-13,1288
2011-06-14,1548
2011-06-15,1441
2011-06-16,1517
2011-06-17,1549
2011-06-18,2087
2011-06-19,1633
2011-06-20,1406
2011-06-21,1262
2011-06-22,1547
2011-06-23,1490
2011-06-24,1658
2011-06-25,1824
2011-06-26,1477
2011-06-27,1440
2011-06-28,1491
2011-06-29,1384
2011-06-30,1524
2011-07-01,2120
2011-07-02,2184
2011-07-03,1434
2011-07-04,968
2011-07-05,1495
2011-07-06,1541
2011-07-07,1503
2011-07-08,1922
2011-07-09,2199
2011-07-10,1737
2011-07-11,1325
2011-07-12,1469
2011-07-13,1417
2011-07-14,1330
2011-07-15,1646
2011-07-16,2029
2011-07-17,1719
2011-07-18,1358
2011-07-19,1381
2011-07-20,1385
2011-07-21,1502
2011-07-22,1737
2011-07-23,1994
2011-07-24,1462
2011-07-25,1408
2011-07-26,1272
2011-07-27,1285
2011-07-28,1402
2011-07-29,1556
2011-07-30,2052
2011-07-31,1615
2011-08-01,1367
2011-08-02,1429
2011-08-03,1426
2011-08-04,1292
2011-08-05,1398
2011-08-06,1802
2011-08-07,1659
2011-08-08,1252
2011-08-09,1407
2011-08-10,1526
2011-08-11,1408
2011-08-12,1489
2011-08-13,2026
2011-08-14,1592
2011-08-15,1405
2011-08-16,1388
2011-08-17,1492
2011-08-18,1289
2011-08-19,1679
2011-08-20,1863
2011-08-21,1492
2011-08-22,1174
2011-08-23,1326
2011-08-24,1398
2011-08-25,1494
2011-08-26,1558
2011-08-27,1866
2011-08-28,1533
2011-08-29,1403
2011-08-30,1445
2011-08-31,1805
2011-09-01,1666
2011-09-02,2028
2011-09-03,2002
2011-09-04,1443
2011-09-05,1454
2011-09-06,1367
2011-09-07,1272
2011-09-08,1283
2011-09-09,1651
2011-09-10,2154
2011-09-11,1676
2011-09-12,1464
2011-09-13,1338
2011-09-14,1333
2011-09-15,1604
2011-09-16,1816
2011-09-17,2261
2011-09-18,1506
2011-09-19,1285
2011-09-20,1321
2011-09-21,1437
2011-09-22,1492
2011-09-23,1646
2011-09-24,2045
2011-09-25,1592
2011-09-26,1329
2011-09-27,1262
2011-09-28,1335
2011-09-29,1333
2011-09-30,2142
2011-10-01,2266
2011-10-02,1845
2011-10-03,1634
2011-10-04,1427
2011-10-05,1446
2011-10-06,1385
2011-10-07,1719
2011-10-08,2253
2011-10-09,1766
2011-10-10,1311
2011-10-11,1462
2011-10-12,1364
2011-10-13,1628
2011-10-14,1884
2011-10-15,2411
2011-10-16,1785
2011-10-17,1491
2011-10-18,1414
2011-10-19,1448
2011-10-20,1482
2011-10-21,1770
2011-10-22,2050
2011-10-23,1800
2011-10-24,1287
2011-10-25,1308
2011-10-26,1613
2011-10-27,1626
2011-10-28,2030
2011-10-29,2336
2011-10-30,1562
2011-10-31,1311
2011-11-01,1618
2011-11-02,1270
2011-11-03,1646
2011-11-04,1792
2011-11-05,2395
2011-11-06,1729
2011-11-07,1328
2011-11-08,1397
2011-11-09,1316
2011-11-10,1554
2011-11-11,1931
2011-11-12,2349
2011-11-13,1858
2011-11-14,1415
2011-11-15,1470
2011-11-16,1655
2011-11-17,1152
2011-11-18,1845
2011-11-19,2026
2011-11-20,1651
2011-11-21,1411
2011-11-22,1586
2011-11-23,1567
2011-11-24,620
2011-11-25,1900
2011-11-26,2147
2011-11-27,1749
2011-11-28,1442
2011-11-29,1352
2011-11-30,1483
2011-12-01,1654
2011-12-02,1930
2011-12-03,2407
2011-12-04,1960
2011-12-05,1859
2011-12-06,1556
2011-12-07,1557
2011-12-08,1562
2011-12-09,1814
2011-12-10,2308
2011-12-11,1687
2011-12-12,1444
2011-12-13,1516
2011-12-14,1445
2011-12-15,1577
2011-12-16,1866
2011-12-17,2315
2011-12-18,1787
2011-12-19,1744
2011-12-20,1848
2011-12-21,1750
2011-12-22,1850
2011-12-23,2262
2011-12-24,1658
2011-12-25,0
2011-12-26,1576
2011-12-27,1439
2011-12-28,1603
2011-12-29,1540
2011-12-30,2076
2011-12-31,2254
2012-01-01,1114
2012-01-02,1802
2012-01-03,1530
2012-01-04,1606
2012-01-05,1576
2012-01-06,1983
2012-01-07,2362
2012-01-08,1753
2012-01-09,1451
2012-01-10,1477
2012-01-11,1908
2012-01-12,946
2012-01-13,1581
2012-01-14,2368
2012-01-15,1780
2012-01-16,1668
2012-01-17,934
2012-01-18,1733
2012-01-19,1528
2012-01-20,1429
2012-01-21,2661
2012-01-22,1909
2012-01-23,1348
2012-01-24,1584
2012-01-25,1455
2012-01-26,1529
2012-01-27,1766
2012-01-28,2373
2012-01-29,1726
2012-01-30,1513
2012-01-31,1508
2012-02-01,1733
2012-02-02,1464
2012-02-03,2136
2012-02-04,2771
2012-02-05,1946
2012-02-06,1468
2012-02-07,1494
2012-02-08,1509
2012-02-09,1646
2012-02-10,1605
2012-02-11,2534
2012-02-12,2250
2012-02-13,1567
2012-02-14,1453
2012-02-15,1630
2012-02-16,1640
2012-02-17,1792
2012-02-18,2461
2012-02-19,2133
2012-02-20,1442
2012-02-21,1510
2012-02-22,1679
2012-02-23,1630
2012-02-24,1634
2012-02-25,2806
2012-02-26,2253
2012-02-27,1631
2012-02-28,1500
2012-02-29,1621
2012-03-01,1817
2012-03-02,1727
2012-03-03,2503
2012-03-04,2100
2012-03-05,1607
2012-03-06,1579
2012-03-07,1488
2012-03-08,1692
2012-03-09,1948
2012-03-10,2361
2012-03-11,2020
2012-03-12,1623
2012-03-13,1691
2012-03-14,1451
2012-03-15,1774
2012-03-16,2069
2012-03-17,2584
2012-03-18,2054
2012-03-19,1535
2012-03-20,1586
2012-03-21,1808
2012-03-22,1722
2012-03-23,1792
2012-03-24,2556
2012-03-25,2003
2012-03-26,1239
2012-03-27,1572
2012-03-28,1590
2012-03-29,1554
2012-03-30,1900
2012-03-31,2688
2012-04-01,2032
2012-04-02,1609
2012-04-03,1658
2012-04-04,1548
2012-04-05,1666
2012-04-06,2274
2012-04-07,2922
2012-04-08,1516
2012-04-09,1626
2012-04-10,1674
2012-04-11,1588
2012-04-12,1720
2012-04-13,2111
2012-04-14,2214
2012-04-15,1967
2012-04-16,1485
2012-04-17,1525
2012-04-18,1316
2012-04-19,1212
2012-04-20,1807
2012-04-21,2377
2012-04-22,1987
2012-04-23,1558
2012-04-24,1525
2012-04-25,1405
2012-04-26,1645
2012-04-27,1944
2012-04-28,2606
2012-04-29,2039
2012-04-30,1616
2012-05-01,1699
2012-05-02,1654
2012-05-03,1927
2012-05-04,2133
2012-05-05,2389
2012-05-06,1869
2012-05-07,1445
2012-05-08,1545
2012-05-09,1467
2012-05-10,1546
2012-05-11,1878
2012-05-12,2369
2012-05-13,1757
2012-05-14,1450
2012-05-15,1633
2012-05-16,1771
2012-05-17,1717
2012-05-18,1831
2012-05-19,2386
2012-05-20,2068
2012-05-21,1718
2012-05-22,1811
2012-05-23,1673
2012-05-24,1746
2012-05-25,2119
2012-05-26,2405
2012-05-27,1841
2012-05-28,1633
2012-05-29,1594
2012-05-30,1517
2012-05-31,1872
2012-06-01,2421
2012-06-02,2413
2012-06-03,2165
2012-06-04,1534
2012-06-05,1740
2012-06-06,1647
2012-06-07,1714
2012-06-08,2372
2012-06-09,2359
2012-06-10,2121
2012-06-11,1895
2012-06-12,2034
2012-06-13,1857
2012-06-14,1822
2012-06-15,2613
2012-06-16,2861
2012-06-17,1944
2012-06-18,1969
2012-06-19,2109
2012-06-20,2092
2012-06-21,1961
2012-06-22,2471
2012-06-23,2336
2012-06-24,2048
2012-06-25,1676
2012-06-26,1842
2012-06-27,1937
2012-06-28,1809
2012-06-29,2326
2012-06-30,2635
2012-07-01,2091
2012-07-02,1844
2012-07-03,2121
2012-07-04,1735
2012-07-05,1979
2012-07-06,2060
2012-07-07,2233
2012-07-08,2282
2012-07-09,1762
2012-07-10,1914
2012-07-11,1745
2012-07-12,1640
2012-07-13,2106
2012-07-14,2511
2012-07-15,1881
2012-07-16,1627
2012-07-17,1637
2012-07-18,1766
2012-07-19,1681
2012-07-20,2155
2012-07-21,2439
2012-07-22,1908
2012-07-23,1445
2012-07-24,1639
2012-07-25,1597
2012-07-26,1551
2012-07-27,1915
2012-07-28,2057
2012-07-29,1786
2012-07-30,1692
2012-07-31,1707
2012-08-01,1832
2012-08-02,1675
2012-08-03,1925
2012-08-04,2046
2012-08-05,1751
2012-08-06,1480
2012-08-07,1530
2012-08-08,1352
2012-08-09,1530
2012-08-10,1761
2012-08-11,1859
2012-08-12,1675
2012-08-13,1407
2012-08-14,1674
2012-08-15,1622
2012-08-16,1842
2012-08-17,1965
2012-08-18,2230
2012-08-19,2005
2012-08-20,1421
2012-08-21,1654
2012-08-22,1528
2012-08-23,1626
2012-08-24,1871
2012-08-25,2030
2012-08-26,2159
2012-08-27,1617
2012-08-28,1723
2012-08-29,1425
2012-08-30,1615
2012-08-31,2120
2012-09-01,2367
2012-09-02,2065
2012-09-03,2149
2012-09-04,1550
2012-09-05,1640
2012-09-06,1444
2012-09-07,1703
2012-09-08,2175
2012-09-09,1778
2012-09-10,1385
2012-09-11,1550
2012-09-12,1449
2012-09-13,1555
2012-09-14,2050
2012-09-15,2568
2012-09-16,1972
2012-09-17,1527
2012-09-18,1600
2012-09-19,1506
2012-09-20,1559
2012-09-21,1881
2012-09-22,2379
2012-09-23,2080
2012-09-24,1563
2012-09-25,1418
2012-09-26,1390
2012-09-27,1503
2012-09-28,1881
2012-09-29,2286
2012-09-30,1834
2012-10-01,1454
2012-10-02,1487
2012-10-03,1382
2012-10-04,1501
2012-10-05,1658
2012-10-06,2020
2012-10-07,1644
2012-10-08,1295
2012-10-09,1306
2012-10-10,1329
2012-10-11,1436
2012-10-12,1668
2012-10-13,1957
2012-10-14,1437
2012-10-15,1090
2012-10-16,1149
2012-10-17,1000
2012-10-18,903
2012-10-19,1182
2012-10-20,1242
2012-10-21,829
2012-10-22,582
2012-10-23,684
2012-10-24,607
2012-10-25,318
2012-10-26,3994
2012-10-27,4298
2012-10-28,3332
2012-10-29,2423
2012-10-30,2197
2012-10-31,2316
2012-11-01,2822
2012-11-02,3376
2012-11-03,4319
2012-11-04,3522
2012-11-05,2306
2012-11-06,2238
2012-11-07,2200
2012-11-08,2605
2012-11-09,3226
2012-11-10,4191
2012-11-11,3997
2012-11-12,2640
2012-11-13,2211
2012-11-14,2434
2012-11-15,2697
2012-11-16,2879
2012-11-17,4081
2012-11-18,3058
2012-11-19,2135
2012-11-20,2350
2012-11-21,2781
2012-11-22,1354
2012-11-23,2140
2012-11-24,3091
2012-11-25,3151
2012-11-26,2130
2012-11-27,2169
2012-11-28,2063
2012-11-29,2302
2012-11-30,2712
2012-12-01,3829
2012-12-02,3465
2012-12-03,2866
2012-12-04,2700
2012-12-05,2921
2012-12-06,2503
2012-12-07,3076
2012-12-08,3842
2012-12-09,3439
2012-12-10,2428
2012-12-11,2277
2012-12-12,2320
2012-12-13,2201
2012-12-14,3336
2012-12-15,4038
2012-12-16,3394
2012-12-17,2568
2012-12-18,2528
2012-12-19,3328
2012-12-20,2129
2012-12-21,3298
2012-12-22,4446
2012-12-23,3861
2012-12-24,2426
2012-12-25,0
2012-12-26,2338
2012-12-27,2583
2012-12-28,2731
2012-12-29,3498
2012-12-30,2947
2012-12-31,3079
2013-01-01,1918
2013-01-02,2650
2013-01-03,2630
2013-01-04,2836
2013-01-05,4207
2013-01-06,3475
2013-01-07,2492
2013-01-08,2123
2013-01-09,2353
2013-01-10,2230
2013-01-11,3091
2013-01-12,3893
2013-01-13,2982
2013-01-14,2393
2013-01-15,2599
2013-01-16,2180
2013-01-17,2589
2013-01-18,2967
2013-01-19,4241
2013-01-20,3452
2013-01-21,2148
2013-01-22,1712
2013-01-23,2206
2013-01-24,2102
2013-01-25,2496
2013-01-26,3920
2013-01-27,2744
2013-01-28,2016
2013-01-29,1749
2013-01-30,1571
2013-01-31,2087
2013-02-01,2852
2013-02-02,4488
2013-02-03,3349
2013-02-04,1680
2013-02-05,2242
2013-02-06,2616
2013-02-07,1557
2013-02-08,2596
2013-02-09,4156
2013-02-10,3611
2013-02-11,2344
2013-02-12,2368
2013-02-13,2936
2013-02-14,2377
2013-02-15,3094
2013-02-16,4249
2013-02-17,3966
2013-02-18,2332
2013-02-19,1938
2013-02-20,2358
2013-02-21,2597
2013-02-22,2137
2013-02-23,4059
2013-02-24,3667
2013-02-25,2321
2013-02-26,1768
2013-02-27,1723
2013-02-28,2544
2013-03-01,3463
2013-03-02,4599
2013-03-03,3638
2013-03-04,2655
2013-03-05,1460
2013-03-06,2245
2013-03-07,2303
2013-03-08,2714
2013-03-09,3777
2013-03-10,3289
2013-03-11,2051
2013-03-12,2286
2013-03-13,2287
2013-03-14,2338
2013-03-15,2899
2013-03-16,4254
2013-03-17,3709
2013-03-18,1990
2013-03-19,2134
2013-03-20,2330
2013-03-21,2429
2013-03-22,3075
2013-03-23,4046
2013-03-24,3526
2013-03-25,2122
2013-03-26,2405
2013-03-27,2251
2013-03-28,2603
2013-03-29,3400
2013-03-30,4616
2013-03-31,2303
2013-04-01,2269
2013-04-02,2408
2013-04-03,2619
2013-04-04,2267
2013-04-05,2911
2013-04-06,4176
2013-04-07,3270
2013-04-08,2151
2013-04-09,1857
2013-04-10,2142
2013-04-11,2228
2013-04-12,2825
2013-04-13,4011
2013-04-14,3726
2013-04-15,2323
2013-04-16,2324
2013-04-17,1989
2013-04-18,2184
2013-04-19,2301
2013-04-20,3519
2013-04-21,3014
2013-04-22,1991
2013-04-23,1705
2013-04-24,2263
2013-04-25,2224
2013-04-26,2352
2013-04-27,3145
2013-04-28,2898
2013-04-29,2103
2013-04-30,1807
2013-05-01,2289
2013-05-02,2052
2013-05-03,2816
2013-05-04,3321
2013-05-05,3349
2013-05-06,2250
2013-05-07,1974
2013-05-08,2213
2013-05-09,2311
2013-05-10,2766
2013-05-11,3991
2013-05-12,2536
2013-05-13,2257
2013-05-14,2154
2013-05-15,2609
2013-05-16,2541
2013-05-17,3036
2013-05-18,3433
2013-05-19,3468
2013-05-20,2423
2013-05-21,2446
2013-05-22,2168
2013-05-23,2677
2013-05-24,2989
2013-05-25,3263
2013-05-26,2720
2013-05-27,2844
2013-05-28,2206
2013-05-29,2210
2013-05-30,2237
2013-05-31,2986
2013-06-01,3907
2013-06-02,3586
2013-06-03,2674
2013-06-04,2454
2013-06-05,2493
2013-06-06,2695
2013-06-07,2886
2013-06-08,3688
2013-06-09,3671
2013-06-10,2397
2013-06-11,2418
2013-06-12,2430
2013-06-13,2535
2013-06-14,3220
2013-06-15,3909
2013-06-16,2824
2013-06-17,2405
2013-06-18,2262
2013-06-19,2500
2013-06-20,2440
2013-06-21,3094
2013-06-22,3515
2013-06-23,3410
2013-06-24,2526
2013-06-25,2301
2013-06-26,2338
2013-06-27,2466
2013-06-28,2824
2013-06-29,3567
2013-06-30,3494
2013-07-01,2489
2013-07-02,2506
2013-07-03,3353
2013-07-04,2295
2013-07-05,3216
2013-07-06,3014
2013-07-07,2975
2013-07-08,2471
2013-07-09,2737
2013-07-10,2616
2013-07-11,2781
2013-07-12,3211
2013-07-13,3691
2013-07-14,3617
2013-07-15,2926
2013-07-16,2771
2013-07-17,2678
2013-07-18,2910
2013-07-19,3074
2013-07-20,3539
2013-07-21,3140
2013-07-22,2458
2013-07-23,2448
2013-07-24,2393
2013-07-25,2533
2013-07-26,3188
2013-07-27,3505
2013-07-28,3148
2013-07-29,2091
2013-07-30,2339
2013-07-31,2589
2013-08-01,2397
2013-08-02,3026
2013-08-03,3571
2013-08-04,2915
2013-08-05,2362
2013-08-06,2624
2013-08-07,2486
2013-08-08,2496
2013-08-09,2898
2013-08-10,3466
2013-08-11,3305
2013-08-12,2875
2013-08-13,2521
2013-08-14,2680
2013-08-15,2788
2013-08-16,3175
2013-08-17,3495
2013-08-18,3185
2013-08-19,2742
2013-08-20,2423
2013-08-21,2649
2013-08-22,2624
2013-08-23,3058
2013-08-24,3386
2013-08-25,3555
2013-08-26,2647
2013-08-27,2637
2013-08-28,2650
2013-08-29,2547
2013-08-30,3466
2013-08-31,3773
2013-09-01,3096
2013-09-02,3569
2013-09-03,2843
2013-09-04,2293
2013-09-05,2333
2013-09-06,2819
2013-09-07,3401
2013-09-08,3592
2013-09-09,2547
2013-09-10,2376
2013-09-11,2900
2013-09-12,2650
2013-09-13,3024
2013-09-14,4157
2013-09-15,3831
2013-09-16,2474
2013-09-17,2118
2013-09-18,2208
2013-09-19,2102
2013-09-20,2918
2013-09-21,3712
2013-09-22,3561
2013-09-23,2476
2013-09-24,2251
2013-09-25,2467
2013-09-26,2362
2013-09-27,2872
2013-09-28,3582
2013-09-29,3421
2013-09-30,2361
2013-10-01,2727
2013-10-02,2362
2013-10-03,2660
2013-10-04,2672
2013-10-05,3788
2013-10-06,3315
2013-10-07,2406
2013-10-08,2263
2013-10-09,2507
2013-10-10,2491
2013-10-11,2902
2013-10-12,3871
2013-10-13,3337
2013-10-14,2449
2013-10-15,2352
2013-10-16,2517
2013-10-17,2372
2013-10-18,2836
2013-10-19,3489
2013-10-20,3185
2013-10-21,2399
2013-10-22,2194
2013-10-23,2383
2013-10-24,2574
2013-10-25,3155
2013-10-26,4095
2013-10-27,2643
2013-10-28,2096
2013-10-29,2318
2013-10-30,2098
2013-10-31,2244
2013-11-01,3229
2013-11-02,3890
2013-11-03,3795
2013-11-04,2295
2013-11-05,2157
2013-11-06,2309
2013-11-07,2336
2013-11-08,3023
2013-11-09,4026
2013-11-10,3531
2013-11-11,2216
2013-11-12,2356
2013-11-13,2152
2013-11-14,2405
2013-11-15,2768
2013-11-16,3906
2013-11-17,3110
2013-11-18,2419
2013-11-19,2492
2013-11-20,2463
2013-11-21,2753
2013-11-22,2999
2013-11-23,3706
2013-11-24,3210
2013-11-25,2144
2013-11-26,2525
2013-11-27,3349
2013-11-28,1375
2013-11-29,2456
2013-11-30,3364
2013-12-01,3368
2013-12-02,2851
2013-12-03,2672
2013-12-04,2629
2013-12-05,3365
2013-12-06,3380
2013-12-07,3928
2013-12-08,2804
2013-12-09,2367
2013-12-10,2313
2013-12-11,2465
2013-12-12,2743
2013-12-13,3577
2013-12-14,3604
2013-12-15,3377
2013-12-16,2196
2013-12-17,2469
2013-12-18,2746
2013-12-19,2778
2013-12-20,3143
2013-12-21,4858
2013-12-22,2277
2013-12-23,3622
2013-12-24,3085
2013-12-25,1
2013-12-26,2690
2013-12-27,3024
2013-12-28,3841
2013-12-29,2817
2013-12-30,2618
2013-12-31,2947
2014-01-01,1626
2014-01-02,2380
2014-01-03,3680
2014-01-04,4934
2014-01-05,3167
2014-01-06,1441
2014-01-07,1924
2014-01-08,2834
2014-01-09,3145
2014-01-10,2686
2014-01-11,4334
2014-01-12,4291
2014-01-13,2411
2014-01-14,2158
2014-01-15,2377
2014-01-16,2478
2014-01-17,3031
2014-01-18,4110
2014-01-19,3626
2014-01-20,2477
2014-01-21,2091
2014-01-22,2270
2014-01-23,2218
2014-01-24,2637
2014-01-25,4289
2014-01-26,3371
2014-01-27,1783
2014-01-28,1735
2014-01-29,2230
2014-01-30,2476
2014-01-31,3462
2014-02-01,3788
2014-02-02,3654
2014-02-03,2480
2014-02-04,2328
2014-02-05,2204
2014-02-06,2495
2014-02-07,2897
2014-02-08,4216
2014-02-09,3948
2014-02-10,2356
2014-02-11,2633
2014-02-12,2695
2014-02-13,2617
2014-02-14,3131
2014-02-15,4420
2014-02-16,4052
2014-02-17,1677
2014-02-18,2667
2014-02-19,2760
2014-02-20,2205
2014-02-21,2789
2014-02-22,4719
2014-02-23,4027
2014-02-24,2522
2014-02-25,2286
2014-02-26,2493
2014-02-27,2431
2014-02-28,3244
2014-03-01,3984
2014-03-02,4180
2014-03-03,2745
2014-03-04,2365
2014-03-05,2246
2014-03-06,2768
2014-03-07,3036
2014-03-08,4200
2014-03-09,4028
2014-03-10,2664
2014-03-11,2710
2014-03-12,2612
2014-03-13,2683
2014-03-14,3228
2014-03-15,4329
2014-03-16,3823
2014-03-17,2276
2014-03-18,2297
2014-03-19,2291
2014-03-20,2298
2014-03-21,2788
2014-03-22,4091
2014-03-23,3774
2014-03-24,2558
2014-03-25,2040
2014-03-26,2358
2014-03-27,2458
2014-03-28,2967
2014-03-29,4373
2014-03-30,3747
2014-03-31,2303
2014-04-01,2752
2014-04-02,2599
2014-04-03,2788
2014-04-04,3097
2014-04-05,4647
2014-04-06,4135
2014-04-07,2511
2014-04-08,2628
2014-04-09,2596
2014-04-10,2778
2014-04-11,3360
2014-04-12,4579
2014-04-13,3650
2014-04-14,2990
2014-04-15,3027
2014-04-16,2894
2014-04-17,2992
2014-04-18,3717
2014-04-19,4718
2014-04-20,2559
2014-04-21,2376
2014-04-22,2330
2014-04-23,2397
2014-04-24,2570
2014-04-25,3071
2014-04-26,4181
2014-04-27,4076
2014-04-28,2429
2014-04-29,2555
2014-04-30,2682
2014-05-01,2569
2014-05-02,3370
2014-05-03,3988
2014-05-04,4100
2014-05-05,2536
2014-05-06,2569
2014-05-07,2379
2014-05-08,2694
2014-05-09,3359
2014-05-10,4358
2014-05-11,3024
2014-05-12,3105
2014-05-13,2868
2014-05-14,3101
2014-05-15,2665
2014-05-16,3245
2014-05-17,4146
2014-05-18,3924
2014-05-19,2570
2014-05-20,2736
2014-05-21,2575
2014-05-22,2994
2014-05-23,3207
2014-05-24,3623
2014-05-25,3130
2014-05-26,2890
2014-05-27,2420
2014-05-28,2563
2014-05-29,2528
2014-05-30,3202
2014-05-31,4302
2014-06-01,4106
2014-06-02,2882
2014-06-03,3335
2014-06-04,2819
2014-06-05,2804
2014-06-06,3386
2014-06-07,4089
2014-06-08,4093
2014-06-09,3012
2014-06-10,2766
2014-06-11,2830
2014-06-12,2884
2014-06-13,3550
2014-06-14,4254
2014-06-15,3699
2014-06-16,2755
2014-06-17,3210
2014-06-18,2818
2014-06-19,3060
2014-06-20,3587
2014-06-21,3973
2014-06-22,3730
2014-06-23,2864
2014-06-24,2593
2014-06-25,2635
2014-06-26,2676
2014-06-27,3410
2014-06-28,3983
2014-06-29,3868
2014-06-30,2665
2014-07-01,3016
2014-07-02,3533
2014-07-03,4328
2014-07-04,3319
2014-07-05,3630
2014-07-06,3760
2014-07-07,2904
2014-07-08,3273
2014-07-09,3443
2014-07-10,2864
2014-07-11,3588
2014-07-12,4424
2014-07-13,4031
2014-07-14,3016
2014-07-15,3025
2014-07-16,2825
2014-07-17,2921
2014-07-18,3398
2014-07-19,4197
2014-07-20,3891
2014-07-21,2873
2014-07-22,2795
2014-07-23,2897
2014-07-24,2868
2014-07-25,3075
2014-07-26,4062
2014-07-27,3780
2014-07-28,2542
2014-07-29,2789
2014-07-30,2648
2014-07-31,2760
2014-08-01,3771
2014-08-02,4413
2014-08-03,4105
2014-08-04,2821
2014-08-05,2804
2014-08-06,2804
2014-08-07,2849
2014-08-08,3097
2014-08-09,3961
2014-08-10,3594
2014-08-11,2947
2014-08-12,3283
2014-08-13,3104
2014-08-14,2900
2014-08-15,3486
2014-08-16,4313
2014-08-17,4170
2014-08-18,2832
2014-08-19,2717
2014-08-20,2884
2014-08-21,2977
2014-08-22,3404
2014-08-23,4303
2014-08-24,4256
2014-08-25,2843
2014-08-26,2577
2014-08-27,2747
2014-08-28,2714
2014-08-29,3984
2014-08-30,4535
2014-08-31,3686
2014-09-01,4245
2014-09-02,2859
2014-09-03,3000
2014-09-04,2706
2014-09-05,3282
2014-09-06,4106
2014-09-07,3920
2014-09-08,2404
2014-09-09,2635
2014-09-10,2725
2014-09-11,2968
2014-09-12,3489
2014-09-13,4559
2014-09-14,3894
2014-09-15,2765
2014-09-16,2559
2014-09-17,2489
2014-09-18,2770
2014-09-19,3117
2014-09-20,4165
2014-09-21,4012
2014-09-22,2527
2014-09-23,2514
2014-09-24,2482
2014-09-25,2702
2014-09-26,3202
2014-09-27,4288
2014-09-28,4086
2014-09-29,2653
2014-09-30,2747
2014-10-01,3072
2014-10-02,2761
2014-10-03,3794
2014-10-04,4649
2014-10-05,4039
2014-10-06,2705
2014-10-07,2779
2014-10-08,2781
2014-10-09,2922
2014-10-10,3350
2014-10-11,4395
2014-10-12,4107
2014-10-13,2698
2014-10-14,2854
2014-10-15,3100
2014-10-16,3054
2014-10-17,3160
2014-10-18,4600
2014-10-19,3781
2014-10-20,2502
2014-10-21,2615
2014-10-22,2465
2014-10-23,2661
2014-10-24,3468
2014-10-25,4452
2014-10-26,3748
2014-10-27,2389
2014-10-28,2694
2014-10-29,2341
2014-10-30,2656
2014-10-31,3133
2014-11-01,4497
2014-11-02,4189
2014-11-03,2806
2014-11-04,2771
2014-11-05,2440
2014-11-06,2750
2014-11-07,3223
2014-11-08,4610
2014-11-09,4266
2014-11-10,2698
2014-11-11,2549
2014-11-12,2660
2014-11-13,2557
2014-11-14,3342
2014-11-15,4800
2014-11-16,4032
2014-11-17,2986
2014-11-18,2522
2014-11-19,2880
2014-11-20,2775
2014-11-21,3517
2014-11-22,4402
2014-11-23,3770
2014-11-24,2362
2014-11-25,2676
2014-11-26,3491
2014-11-27,1494
2014-11-28,2526
2014-11-29,3970
2014-11-30,3687
2014-12-01,2990
2014-12-02,2880
2014-12-03,3125
2014-12-04,3012
2014-12-05,4260
2014-12-06,4272
2014-12-07,3928
2014-12-08,2620
2014-12-09,2720
2014-12-10,2748
2014-12-11,2745
2014-12-12,3213
2014-12-13,4333
2014-12-14,4000
2014-12-15,2993
2014-12-16,2794
2014-12-17,2793
2014-12-18,3088
2014-12-19,3362
2014-12-20,4549
2014-12-21,3845
2014-12-22,3337
2014-12-23,3923
2014-12-24,2927
2014-12-25,0
2014-12-26,3093
2014-12-27,3631
2014-12-28,2993
2014-12-29,2818
2014-12-30,2824
2014-12-31,3418
2015-01-01,2629
2015-01-02,4114
2015-01-03,4053
2015-01-04,3657
2015-01-05,2762
2015-01-06,2928
2015-01-07,2233
2015-01-08,1924
2015-01-09,3406
2015-01-10,5365
2015-01-11,3976
2015-01-12,3077
2015-01-13,2663
2015-01-14,3046
2015-01-15,3251
2015-01-16,3742
2015-01-17,5600
2015-01-18,3599
2015-01-19,3195
2015-01-20,2492
2015-01-21,2664
2015-01-22,2624
2015-01-23,3287
2015-01-24,5097
2015-01-25,3959
2015-01-26,2644
2015-01-27,2656
2015-01-28,2882
2015-01-29,2688
2015-01-30,4034
2015-01-31,6902
2015-02-01,1847
2015-02-02,3046
2015-02-03,3371
2015-02-04,3220
2015-02-05,3405
2015-02-06,4027
2015-02-07,5791
2015-02-08,4940
2015-02-09,3085
2015-02-10,3039
2015-02-11,3327
2015-02-12,3370
2015-02-13,3938
2015-02-14,4812
2015-02-15,4758
2015-02-16,3257
2015-02-17,2716
2015-02-18,2530
2015-02-19,2693
2015-02-20,3534
2015-02-21,5271
2015-02-22,4458
2015-02-23,2805
2015-02-24,2863
2015-02-25,2707
2015-02-26,2756
2015-02-27,3492
2015-02-28,5483
2015-03-01,4730
2015-03-02,3277
2015-03-03,2351
2015-03-04,3153
2015-03-05,3009
2015-03-06,3714
2015-03-07,5115
2015-03-08,4739
2015-03-09,3252
2015-03-10,2568
2015-03-11,2863
2015-03-12,2960
2015-03-13,3390
2015-03-14,4656
2015-03-15,4945
2015-03-16,2974
2015-03-17,2473
2015-03-18,2746
2015-03-19,2521
2015-03-20,3113
2015-03-21,4568
2015-03-22,4267
2015-03-23,2729
2015-03-24,2818
2015-03-25,2599
2015-03-26,2750
2015-03-27,3253
2015-03-28,4617
2015-03-29,4218
2015-03-30,2641
2015-03-31,2803
2015-04-01,2907
2015-04-02,3100
2015-04-03,4441
2015-04-04,5330
2015-04-05,3167
2015-04-06,2750
2015-04-07,2561
2015-04-08,2915
2015-04-09,2760
2015-04-10,3595
2015-04-11,4737
2015-04-12,4431
2015-04-13,3103
2015-04-14,2778
2015-04-15,3154
2015-04-16,2737
2015-04-17,3025
2015-04-18,4594
2015-04-19,4447
2015-04-20,2734
2015-04-21,2605
2015-04-22,2762
2015-04-23,2552
2015-04-24,3374
2015-04-25,4927
2015-04-26,4168
2015-04-27,2799
2015-04-28,2529
2015-04-29,2674
2015-04-30,3002
2015-05-01,3933
2015-05-02,4624
2015-05-03,4412
2015-05-04,3278
2015-05-05,2997
2015-05-06,3025
2015-05-07,2766
2015-05-08,3736
2015-05-09,5183
2015-05-10,3435
2015-05-11,3131
2015-05-12,2829
2015-05-13,2867
2015-05-14,3231
2015-05-15,3497
2015-05-16,4260
2015-05-17,4588
2015-05-18,3025
2015-05-19,2712
2015-05-20,2938
2015-05-21,3038
2015-05-22,3551
2015-05-23,3824
2015-05-24,3612
2015-05-25,3582
2015-05-26,2853
2015-05-27,2803
2015-05-28,2810
2015-05-29,3397
2015-05-30,4602
2015-05-31,4042
2015-06-01,3258
2015-06-02,2899
2015-06-03,3582
2015-06-04,3327
2015-06-05,3624
2015-06-06,4492
2015-06-07,4811
2015-06-08,3200
2015-06-09,3417
2015-06-10,3221
2015-06-11,3141
2015-06-12,3951
2015-06-13,4273
2015-06-14,4421
2015-06-15,3318
2015-06-16,2965
2015-06-17,3076
2015-06-18,3319
2015-06-19,3937
2015-06-20,4349
2015-06-21,3784
2015-06-22,2673
2015-06-23,3061
2015-06-24,2908
2015-06-25,2969
2015-06-26,3519
2015-06-27,3938
2015-06-28,3845
2015-06-29,3122
2015-06-30,3000
2015-07-01,3366
2015-07-02,3827
2015-07-03,5243
2015-07-04,3236
2015-07-05,3927
2015-07-06,3301
2015-07-07,3130
2015-07-08,3165
2015-07-09,3422
2015-07-10,3811
2015-07-11,4513
2015-07-12,4469
2015-07-13,3010
2015-07-14,3203
2015-07-15,3301
2015-07-16,3408
2015-07-17,4488
2015-07-18,4120
2015-07-19,4290
2015-07-20,3014
2015-07-21,2928
2015-07-22,3177
2015-07-23,2854
2015-07-24,3621
2015-07-25,4036
2015-07-26,3920
2015-07-27,3057
2015-07-28,2865
2015-07-29,2875
2015-07-30,3208
2015-07-31,4212
2015-08-01,4725
2015-08-02,4809
2015-08-03,3787
2015-08-04,3048
2015-08-05,3183
2015-08-06,2862
2015-08-07,3380
2015-08-08,3839
2015-08-09,4070
2015-08-10,2960
2015-08-11,3145
2015-08-12,2850
2015-08-13,3097
2015-08-14,3506
2015-08-15,4055
2015-08-16,4399
2015-08-17,3246
2015-08-18,3101
2015-08-19,3043
2015-08-20,2791
2015-08-21,3350
2015-08-22,4248
2015-08-23,3991
2015-08-24,2929
2015-08-25,2689
2015-08-26,3027
2015-08-27,2862
2015-08-28,3685
2015-08-29,4553
2015-08-30,4499
2015-08-31,3289
2015-09-01,3258
2015-09-02,3189
2015-09-03,3329
2015-09-04,3537
2015-09-05,4235
2015-09-06,3736
2015-09-07,3556
2015-09-08,2658
2015-09-09,3179
2015-09-10,2989
2015-09-11,3832
2015-09-12,4765
2015-09-13,4173
2015-09-14,3157
2015-09-15,2985
2015-09-16,2822
2015-09-17,3094
2015-09-18,3426
2015-09-19,4444
2015-09-20,4175
2015-09-21,2697
2015-09-22,2761
2015-09-23,2674
2015-09-24,2877
2015-09-25,3447
2015-09-26,4394
2015-09-27,4312
2015-09-28,2711
2015-09-29,2788
2015-09-30,2860
2015-10-01,3285
2015-10-02,3998
2015-10-03,5027
2015-10-04,4320
2015-10-05,3225
2015-10-06,3061
2015-10-07,2768
2015-10-08,3297
2015-10-09,4186
2015-10-10,4799
2015-10-11,4262
2015-10-12,3303
2015-10-13,2992
2015-10-14,3217
2015-10-15,3062
2015-10-16,3601
2015-10-17,4445
2015-10-18,4228
2015-10-19,3019
2015-10-20,2841
2015-10-21,3092
2015-10-22,2891
2015-10-23,3950
2015-10-24,4890
2015-10-25,4328
2015-10-26,2918
2015-10-27,2793
2015-10-28,2640
2015-10-29,2980
2015-10-30,4199
2015-10-31,4159
2015-11-01,4305
2015-11-02,3155
2015-11-03,3197
2015-11-04,2578
2015-11-05,3027
2015-11-06,3728
2015-11-07,4687
2015-11-08,4134
2015-11-09,3028
2015-11-10,2735
2015-11-11,2976
2015-11-12,2752
2015-11-13,3806
2015-11-14,5297
2015-11-15,4225
2015-11-16,2791
2015-11-17,2271
2015-11-18,2975
2015-11-19,3188
2015-11-20,4876
2015-11-21,3532
2015-11-22,4436
2015-11-23,3073
2015-11-24,3185
2015-11-25,3743
2015-11-26,1607
2015-11-27,2713
2015-11-28,3676
2015-11-29,3965
2015-11-30,2828
2015-12-01,3253
2015-12-02,2913
2015-12-03,3711
2015-12-04,4334
2015-12-05,5293
2015-12-06,4882
2015-12-07,3053
2015-12-08,2818
2015-12-09,3420
2015-12-10,3036
2015-12-11,3607
2015-12-12,4612
2015-12-13,4177
2015-12-14,3238
2015-12-15,3396
2015-12-16,3179
2015-12-17,3157
2015-12-18,3765
2015-12-19,4654
2015-12-20,4522
2015-12-21,3735
2015-12-22,3620
2015-12-23,4267
2015-12-24,3772
2015-12-25,2
2015-12-26,3609
2015-12-27,3649
2015-12-28,1521
2015-12-29,2683
2015-12-30,3627
2015-12-31,4938
2016-01-01,3567
2016-01-02,5007
2016-01-03,4061
2016-01-04,3044
2016-01-05,3315
2016-01-06,3032
2016-01-07,2861
2016-01-08,3791
2016-01-09,5284
2016-01-10,4086
2016-01-11,2850
2016-01-12,2606
2016-01-13,2694
2016-01-14,3621
2016-01-15,4551
2016-01-16,5689
2016-01-17,3709
2016-01-18,2719
2016-01-19,2906
2016-01-20,3147
2016-01-21,2815
2016-01-22,3549
2016-01-23,4776
2016-01-24,4600
2016-01-25,2798
2016-01-26,2466
2016-01-27,2937
2016-01-28,3036
2016-01-29,3845
2016-01-30,5538
2016-01-31,5034
2016-02-01,3740
2016-02-02,2460
2016-02-03,3135
2016-02-04,2831
2016-02-05,3676
2016-02-06,5516
2016-02-07,4461
2016-02-08,2597
2016-02-09,3313
2016-02-10,3180
2016-02-11,3899
2016-02-12,4308
2016-02-13,5490
2016-02-14,4467
2016-02-15,3524
2016-02-16,3173
2016-02-17,3405
2016-02-18,3207
2016-02-19,3846
2016-02-20,5538
2016-02-21,4779
2016-02-22,3095
2016-02-23,2858
2016-02-24,2982
2016-02-25,3095
2016-02-26,3565
2016-02-27,4992
2016-02-28,5039
2016-02-29,3451
2016-03-01,2188
2016-03-02,3507
2016-03-03,3496
2016-03-04,3813
2016-03-05,5396
2016-03-06,5451
2016-03-07,2992
2016-03-08,2886
2016-03-09,3373
2016-03-10,3254
2016-03-11,3790
2016-03-12,5196
2016-03-13,4764
2016-03-14,3301
2016-03-15,3209
2016-03-16,3176
2016-03-17,3028
2016-03-18,3509
2016-03-19,5102
2016-03-20,5003
2016-03-21,3249
2016-03-22,3033
2016-03-23,2751
2016-03-24,2718
2016-03-25,5094
2016-03-26,6150
2016-03-27,3550
2016-03-28,3039
2016-03-29,2780
2016-03-30,2692
2016-03-31,2858
2016-04-01,4362
2016-04-02,5119
2016-04-03,5370
2016-04-04,3168
2016-04-05,3231
2016-04-06,2996
2016-04-07,3288
2016-04-08,3866
2016-04-09,6182
2016-04-10,4995
2016-04-11,3493
2016-04-12,3388
2016-04-13,3169
2016-04-14,3241
2016-04-15,3862
2016-04-16,4862
2016-04-17,4812
2016-04-18,3236
2016-04-19,3069
2016-04-20,3242
2016-04-21,3324
2016-04-22,3991
2016-04-23,4772
2016-04-24,4874
2016-04-25,3166
2016-04-26,3194
2016-04-27,3267
2016-04-28,3201
2016-04-29,4143
2016-04-30,5318
2016-05-01,5228
2016-05-02,3502
2016-05-03,3456
2016-05-04,3444
2016-05-05,3730
2016-05-06,4142
2016-05-07,5432
2016-05-08,4059
2016-05-09,3895
2016-05-10,3227
2016-05-11,3948
2016-05-12,3682
2016-05-13,3978
2016-05-14,5527
2016-05-15,5488
2016-05-16,3505
2016-05-17,3323
2016-05-18,3242
2016-05-19,3478
2016-05-20,3813
2016-05-21,5002
2016-05-22,5054
